<?xml version="1.0" encoding="UTF-8"?>
<!DOCTYPE mapper PUBLIC "-//mybatis.org//DTD Mapper 3.0//EN" "http://mybatis.org/dtd/mybatis-3-mapper.dtd">
<mapper namespace="com.sinocare.base.dao.sys.SysMenuMapper">
  <resultMap id="BaseResultMap" type="com.sinocare.base.po.sys.SysMenu">
    <!--
      WARNING - @mbg.generated
    -->
    <id column="menu_id" jdbcType="BIGINT" property="menuId" />
    <result column="parent_id" jdbcType="BIGINT" property="parentId" />
    <result column="name" jdbcType="VARCHAR" property="name" />
    <result column="url" jdbcType="VARCHAR" property="url" />
    <result column="perms" jdbcType="VARCHAR" property="perms" />
    <result column="type" jdbcType="INTEGER" property="type" />
    <result column="icon" jdbcType="VARCHAR" property="icon" />
    <result column="order_num" jdbcType="INTEGER" property="orderNum" />
  </resultMap>

  <select id="queryListParentId" resultType="com.sinocare.base.po.sys.SysMenu">
    select * from sys_menu where parent_id = #{parentId} order by order_num asc
  </select>

  <select id="queryNotButtonList" resultType="com.sinocare.base.po.sys.SysMenu">
    select * from sys_menu where type != 2 order by order_num asc
  </select>

</mapper>