<?xml version="1.0" encoding="UTF-8"?>
<!DOCTYPE mapper PUBLIC "-//mybatis.org//DTD Mapper 3.0//EN" "http://mybatis.org/dtd/mybatis-3-mapper.dtd">
<mapper namespace="com.sinocare.base.dao.sys.SysRoleMapper">
  <resultMap id="BaseResultMap" type="com.sinocare.base.po.sys.SysRole">
    <!--
      WARNING - @mbg.generated
    -->
    <id column="role_id" jdbcType="BIGINT" property="roleId" />
    <result column="role_name" jdbcType="VARCHAR" property="roleName" />
    <result column="remark" jdbcType="VARCHAR" property="remark" />
    <result column="create_user_id" jdbcType="BIGINT" property="createUserId" />
    <result column="create_time" jdbcType="TIMESTAMP" property="createTime" />
  </resultMap>

  <!-- 查询用户创建的角色ID列表 -->
  <select id="queryRoleIdList" resultType="long">
    select role_id from sys_role where create_user_id = #{createUserId}
  </select>

</mapper>