<?xml version="1.0" encoding="UTF-8"?>
<!DOCTYPE mapper PUBLIC "-//mybatis.org//DTD Mapper 3.0//EN" "http://mybatis.org/dtd/mybatis-3-mapper.dtd">
<mapper namespace="com.sinocare.base.dao.sys.SysUserMapper">
  <resultMap id="BaseResultMap" type="com.sinocare.base.po.sys.SysUser">
    <!--
      WARNING - @mbg.generated
    -->
    <id column="user_id" jdbcType="BIGINT" property="userId" />
    <result column="username" jdbcType="VARCHAR" property="username" />
    <result column="password" jdbcType="VARCHAR" property="password" />
    <result column="salt" jdbcType="VARCHAR" property="salt" />
    <result column="email" jdbcType="VARCHAR" property="email" />
    <result column="mobile" jdbcType="VARCHAR" property="mobile" />
    <result column="status" jdbcType="TINYINT" property="status" />
    <result column="create_user_id" jdbcType="BIGINT" property="createUserId" />
    <result column="create_time" jdbcType="TIMESTAMP" property="createTime" />
  </resultMap>

  <!-- 查询用户的所有权限 -->
  <select id="queryAllPerms" resultType="string">
    select m.perms from sys_user_role ur
    LEFT JOIN sys_role_menu rm on ur.role_id = rm.role_id
    LEFT JOIN sys_menu m on rm.menu_id = m.menu_id
    where ur.user_id = #{userId}
  </select>

  <!-- 查询用户的所有菜单ID -->
  <select id="queryAllMenuId" resultType="long">
    select distinct rm.menu_id from sys_user_role ur
    LEFT JOIN sys_role_menu rm on ur.role_id = rm.role_id
    where ur.user_id = #{userId}
  </select>

  <select id="queryByUserName" resultType="com.sinocare.base.po.sys.SysUser">
    select * from sys_user where username = #{username}
  </select>

</mapper>